path,sha256,referenced_by,status,authority
docs/assets/home.png,4ec6e57e0c11ccc3556652874c14add13e5afb3cdf396fe28c20bd3ce8e99443,,orphan,non-authoritative
docs/assets/tabla-ejercicios.png,5ab01f0f19e0c83971f8ba44c01f35291627554e25b8262ef4190ee8d563348e,,orphan,non-authoritative
tikzpics/303.png,951ed1466a984570562ac87f45546ab949b608bca9809f2707e308fda9868f5a,tda:303,referenced,authoritative-when-referenced
tikzpics/314.png,28bd971d147e4248f2e4a385cddc64e9512a56575967706ccf7b0eb8c9489d24,tda:314,referenced,authoritative-when-referenced
tikzpics/318.png,dcf7a61a3cb34afdeedbea73600ccd98727a1bc098683f7f230306c899860538,tda:318,referenced,authoritative-when-referenced
tikzpics/403.png,ab62799d3460a9f9999b07a8570120c85819f53e5cca39ee9eab837004993817,tda:403,referenced,authoritative-when-referenced
tikzpics/411.png,e08ccd0245aee3307f3c32701491faf6286629fd015023a4a6b95720fd59d47c,tda:411,referenced,authoritative-when-referenced
tikzpics/417.png,d338e6e79ef580beaa889696d3f762d17114d289f3eec5d43d47ff80130fa19e,tda:417,referenced,authoritative-when-referenced
tikzpics/520.png,824062d4e073053e393edde11857dc2baa9c2ac8642c19dc0e318ca7e1aa333c,tda:520,referenced,authoritative-when-referenced
